x,y,cubeNum,cp,algo,difference,age,id,up00,up01,up02,up10,up11,up12,up20,up21,up22,front00,front01,front02,front10,front11,front12,front20,front21,front22,right00,right01,right02,right10,right11,right12,right20,right21,right22,left00,left01,left02,left10,left11,left12,left20,left21,left22,down00,down01,down02,down10,down11,down12,down20,down21,down22,back00,back01,back02,back10,back11,back12,back20,back21,back22
-19.78766, -2.0323055, 0, 1, 0, 39, 0, 0,O,B,G,W,W,R,Y,B,R,R,W,W,R,G,O,O,G,G,O,R,W,G,R,W,G,G,R,O,Y,Y,Y,O,R,G,B,B,W,W,Y,G,Y,O,B,B,R,W,O,B,O,B,Y,B,Y,Y
-17.861021, -3.1953108, 0, 0, 0, 38, 1, 1,R,B,Y,R,W,W,G,B,O,Y,Y,B,R,G,O,O,G,G,B,R,W,R,R,W,Y,G,R,O,Y,G,Y,O,G,G,B,O,W,W,Y,G,Y,O,B,B,R,W,O,B,O,B,Y,W,W,R
-16.175423, -1.8454624, 0, 0, 0, 40, 2, 2,R,B,Y,R,W,W,G,B,O,O,R,Y,G,G,Y,G,O,B,B,R,W,R,R,W,G,B,O,O,Y,G,Y,O,G,Y,W,W,R,G,Y,G,Y,O,B,B,R,W,O,B,O,B,Y,W,W,R
-14.597284, -0.31010187, 0, 0, 0, 42, 3, 3,R,B,Y,R,W,Y,G,B,B,O,R,Y,G,G,O,G,O,R,G,R,B,B,R,R,O,W,W,O,Y,G,Y,O,G,Y,W,W,R,G,B,G,Y,Y,B,B,R,W,O,Y,O,B,W,W,W,O
-12.825966, -1.9278647, 0, 0, 0, 40, 4, 4,G,R,R,B,W,B,B,Y,Y,O,B,G,G,G,O,G,O,R,W,R,B,W,R,R,O,W,W,O,Y,O,Y,O,R,Y,W,Y,R,G,B,G,Y,Y,B,B,R,W,O,Y,O,B,W,W,G,G
-14.4200325, -3.4873538, 0, 0, 0, 40, 5, 5,G,R,Y,B,W,W,B,Y,G,O,B,R,G,G,B,G,O,Y,B,R,W,R,R,W,W,W,O,O,Y,O,Y,O,R,Y,W,Y,R,G,G,G,Y,O,B,B,R,W,O,B,O,B,Y,W,G,R
-15.642006, -5.4717975, 0, 0, 0, 38, 6, 6,G,R,Y,B,W,W,G,G,R,Y,O,G,B,G,G,R,B,O,B,R,W,R,R,W,Y,W,Y,O,Y,O,Y,O,R,W,W,O,G,Y,B,G,Y,O,B,B,R,W,O,B,O,B,Y,W,G,R
-14.185728, -7.614177, 0, 0, 0, 39, 7, 7,G,R,Y,B,W,W,G,G,R,Y,O,G,B,G,G,Y,W,W,B,R,W,R,R,O,Y,W,B,R,Y,O,B,O,R,O,W,O,B,O,R,Y,Y,B,G,G,B,W,Y,O,O,B,Y,W,G,R
-11.524298, -7.0820456, 0, 0, 0, 40, 8, 8,G,R,O,B,W,Y,G,G,R,Y,O,Y,B,G,W,Y,W,R,W,O,B,R,R,W,B,R,Y,R,Y,O,B,O,R,O,W,O,B,O,G,Y,Y,G,G,G,W,W,Y,R,O,B,B,W,G,B
-10.789135, -9.122892, 0, 0, 0, 43, 9, 9,G,B,G,G,W,R,R,Y,O,B,R,W,B,G,W,Y,W,R,W,O,B,G,R,W,B,R,Y,R,Y,Y,B,O,O,O,W,Y,B,O,G,Y,Y,G,G,G,W,W,Y,R,O,B,B,O,R,O
-13.59914, -10.019738, 0, 0, 0, 40, 10, 10,G,B,W,G,W,W,R,Y,R,B,R,G,B,G,G,Y,W,W,B,G,W,R,R,O,Y,W,B,R,Y,Y,B,O,O,O,W,Y,B,O,R,Y,Y,B,G,G,O,W,Y,G,O,B,R,O,R,O
-14.188689, -12.057136, 0, 0, 0, 40, 11, 11,G,B,W,G,W,W,R,O,B,W,W,Y,G,G,B,G,R,B,B,G,W,R,R,O,O,W,Y,R,Y,Y,B,O,O,Y,W,B,R,Y,R,Y,Y,B,G,G,O,W,Y,G,O,B,R,O,R,O
-12.572988, -13.793195, 0, 0, 0, 40, 12, 12,G,B,W,G,W,W,R,O,B,W,W,Y,G,G,B,Y,O,W,B,G,W,R,R,Y,O,W,G,G,Y,Y,R,O,O,B,W,B,R,B,O,Y,Y,G,R,Y,G,Y,B,R,O,B,R,O,R,O
-10.173981, -12.032966, 0, 0, 0, 41, 13, 13,G,B,R,G,W,R,R,O,O,W,W,W,G,G,W,Y,O,B,W,Y,G,G,R,W,B,R,O,G,Y,Y,R,O,O,B,W,B,R,B,Y,Y,Y,B,R,Y,W,Y,B,O,O,B,G,O,R,G
-8.78452, -13.771102, 0, 0, 0, 39, 14, 14,R,G,G,O,W,B,O,R,R,B,G,W,G,G,W,Y,O,B,O,Y,G,R,R,W,G,R,O,G,Y,W,R,O,W,B,W,W,R,B,Y,Y,Y,B,R,Y,W,Y,B,O,O,B,G,B,O,Y
-10.547711, -15.93923, 0, 0, 0, 36, 15, 15,R,G,W,O,W,W,O,R,B,B,G,Y,G,G,B,Y,O,W,G,R,O,R,R,Y,O,W,G,G,Y,W,R,O,W,B,W,W,R,B,O,Y,Y,G,R,Y,Y,Y,B,G,O,B,B,B,O,R
-8.882017, -16.897947, 0, 0, 0, 35, 16, 16,R,G,W,O,W,W,O,B,R,W,O,Y,B,G,G,Y,G,B,G,R,O,R,R,Y,B,W,W,G,Y,W,R,O,W,O,W,G,B,R,O,Y,Y,G,R,Y,Y,Y,B,G,O,B,B,B,O,R
-7.2426476, -18.765293, 0, 0, 0, 35, 17, 17,Y,G,W,O,W,W,B,B,R,R,O,Y,O,G,G,O,G,B,G,R,O,R,R,Y,B,W,W,O,R,G,W,O,Y,G,W,W,W,R,O,B,Y,G,Y,Y,Y,B,B,G,Y,B,B,R,O,R
-5.128511, -16.730827, 0, 0, 0, 32, 18, 18,W,W,R,G,W,B,Y,O,B,G,Y,W,O,G,G,O,G,B,Y,R,O,O,R,Y,R,W,W,O,R,R,W,O,O,G,W,R,W,R,O,B,Y,G,Y,Y,Y,B,B,G,Y,B,B,G,R,B
-4.8885565, -14.241343, 0, 0, 0, 35, 19, 19,G,W,R,O,W,B,O,O,B,W,Y,W,B,G,G,Y,G,B,Y,R,O,O,R,Y,R,W,W,R,O,R,R,O,W,O,W,G,B,R,O,Y,Y,G,G,Y,Y,W,B,G,G,B,B,Y,R,B
-4.1688957, -12.057504, 0, 0, 0, 35, 20, 20,G,W,R,O,W,B,O,W,G,Y,B,W,G,G,Y,B,G,W,Y,R,O,O,R,Y,O,O,B,R,O,R,R,O,W,O,R,B,W,W,R,Y,Y,G,G,Y,Y,W,B,G,G,B,B,Y,R,B
-4.758752, -9.63373, 0, 0, 0, 34, 21, 21,G,W,W,O,W,Y,O,W,W,Y,B,R,G,G,G,B,G,Y,O,O,Y,O,R,R,B,Y,O,R,O,R,R,O,W,O,R,B,W,W,G,Y,Y,B,G,Y,B,W,B,R,G,B,B,Y,R,G
9.129602, -4.6452546, 0, 0, 0, 32, 22, 22,O,O,G,W,W,W,W,Y,W,B,O,O,G,G,G,B,G,Y,Y,O,Y,R,R,R,G,Y,O,R,O,Y,R,O,B,O,R,R,W,W,G,Y,Y,B,G,Y,B,W,B,R,G,B,B,B,W,R
8.362337, -6.8676414, 0, 0, 0, 32, 23, 23,O,O,R,W,W,B,W,Y,R,B,O,G,G,G,W,B,G,W,Y,R,O,O,R,Y,Y,R,G,R,O,Y,R,O,B,O,R,R,W,W,O,Y,Y,G,G,Y,Y,W,B,G,G,B,B,B,W,B
10.234683, -8.220873, 0, 0, 0, 30, 24, 24,O,O,R,W,W,B,O,W,W,W,G,B,W,G,G,G,O,B,Y,R,O,O,R,Y,O,R,R,R,O,Y,R,O,B,Y,R,G,R,Y,W,Y,Y,G,G,Y,Y,W,B,G,G,B,B,B,W,B
12.913093, -8.111098, 0, 0, 0, 32, 25, 25,O,O,R,W,W,B,O,W,W,W,G,B,W,G,G,R,Y,O,Y,R,W,O,R,B,O,R,G,G,O,Y,O,O,B,B,R,G,W,G,Y,Y,Y,Y,R,Y,G,Y,R,R,G,B,B,B,W,B
13.082366, -5.4600396, 0, 0, 0, 35, 26, 26,O,O,R,W,W,B,O,R,G,B,G,O,G,G,Y,W,W,R,Y,R,W,O,R,B,Y,G,W,G,O,Y,O,O,B,O,W,W,G,R,B,Y,Y,Y,R,Y,G,Y,R,R,G,B,B,B,W,B
12.803051, -3.24573, 0, 0, 0, 36, 27, 27,O,O,O,W,W,Y,O,R,R,B,G,B,G,G,Y,W,W,G,Y,O,Y,G,R,R,W,B,W,G,O,Y,O,O,B,O,W,W,G,R,R,Y,Y,B,R,Y,B,Y,R,R,G,B,B,B,W,G
15.112956, -2.4310102, 0, 0, 0, 36, 28, 28,O,W,O,R,W,O,R,Y,O,W,G,Y,G,G,Y,W,W,G,B,O,Y,W,R,R,G,B,W,G,O,B,O,O,G,O,W,B,G,R,R,Y,Y,B,R,Y,B,Y,R,R,G,B,B,W,B,Y
15.48496, -5.622611, 0, 0, 0, 34, 29, 29,O,W,R,R,W,B,R,Y,Y,W,G,O,G,G,O,W,W,O,Y,R,W,O,R,B,B,W,G,G,O,B,O,O,G,O,W,B,G,R,Y,Y,Y,Y,R,Y,G,Y,R,R,G,B,B,W,B,B
-0.7950714, -15.947476, 0, 0, 0, 34, 30, 30,O,W,R,R,W,B,Y,R,G,O,W,W,O,G,G,O,G,W,Y,R,W,O,R,B,O,W,B,G,O,B,O,O,G,B,W,G,Y,Y,R,Y,Y,Y,R,Y,G,Y,R,R,G,B,B,W,B,B
-0.9751385, -18.337505, 0, 0, 0, 38, 31, 31,O,W,R,R,W,Y,Y,R,G,O,W,R,O,G,B,O,G,B,B,W,O,B,R,O,W,R,Y,G,O,B,O,O,G,B,W,G,Y,Y,R,Y,Y,B,R,Y,G,Y,R,W,G,B,G,W,B,W
-0.8498128, -20.870256, 0, 0, 0, 34, 32, 32,R,Y,G,W,W,R,O,R,Y,B,G,G,O,G,B,O,G,B,R,W,O,W,R,O,O,R,Y,G,O,W,O,O,B,B,W,W,Y,Y,R,Y,Y,B,R,Y,G,Y,R,W,G,B,G,B,B,W
1.4306383, -20.596222, 0, 0, 0, 35, 33, 33,G,Y,R,W,W,R,O,R,Y,B,G,G,O,G,B,O,G,B,G,O,W,W,R,O,O,R,Y,R,W,O,O,O,B,B,W,W,Y,Y,R,Y,Y,B,G,Y,R,W,B,B,G,B,G,W,R,Y
1.2795051, -18.081442, 0, 0, 0, 35, 34, 34,O,W,G,R,W,Y,Y,R,R,O,W,G,O,G,B,O,G,B,W,O,W,R,R,O,Y,R,Y,R,W,B,O,O,G,B,W,G,Y,Y,R,Y,Y,B,G,Y,R,W,B,B,G,B,G,W,B,O
7.3273716, -13.704191, 0, 1, 0, 33, 35, 35,O,W,R,R,W,B,Y,R,R,O,W,B,O,G,G,O,G,O,Y,R,Y,O,R,R,W,O,W,R,W,B,O,O,G,B,W,G,Y,Y,G,Y,Y,Y,G,Y,R,W,B,G,G,B,B,W,B,B
7.8388405, -18.983994, 0, 0, 0, 33, 36, 36,R,R,Y,B,W,R,R,W,O,B,B,W,O,G,G,O,G,O,G,R,Y,G,R,R,B,O,W,R,W,W,O,O,O,B,W,Y,Y,Y,G,Y,Y,Y,G,Y,R,W,B,G,G,B,B,B,W,O
6.7417116, -21.039762, 0, 0, 0, 36, 37, 37,R,R,G,B,W,B,R,W,O,B,B,Y,O,G,R,O,G,O,Y,R,W,R,R,O,G,G,B,R,W,W,O,O,O,B,W,Y,Y,Y,W,Y,Y,G,G,Y,O,W,B,G,G,B,Y,B,W,R
4.422135, -20.225513, 0, 0, 0, 37, 38, 38,R,B,R,W,W,R,O,B,G,G,R,Y,O,G,R,O,G,O,B,R,W,W,R,O,R,G,B,R,W,B,O,O,B,B,W,Y,Y,Y,W,Y,Y,G,G,Y,O,W,B,G,G,B,Y,Y,O,W
5.7245154, -17.933546, 0, 0, 0, 35, 39, 39,R,B,Y,W,W,R,O,B,O,G,R,W,O,G,G,O,G,O,R,W,B,G,R,R,B,O,W,R,W,B,O,O,B,B,W,Y,Y,Y,G,Y,Y,Y,G,Y,W,W,B,R,G,B,R,Y,O,G
7.496748, -15.906615, 0, 0, 0, 34, 40, 40,O,W,R,B,W,B,O,R,Y,B,G,R,O,G,G,O,G,O,Y,W,B,O,R,R,G,O,W,R,W,G,O,O,R,B,W,W,Y,Y,G,Y,Y,Y,G,Y,W,W,B,R,G,B,R,Y,B,B
9.882615, -15.29431, 0, 0, 0, 34, 41, 41,O,W,R,B,W,B,G,O,W,R,G,O,G,G,G,B,O,O,Y,W,B,O,R,R,G,Y,Y,R,W,G,O,O,R,O,R,Y,W,W,B,Y,Y,Y,G,Y,W,W,B,R,G,B,R,Y,B,B
11.847242, -15.071881, 0, 0, 0, 35, 42, 42,W,O,G,B,W,B,R,W,O,B,B,Y,G,G,G,B,O,O,Y,W,B,R,R,R,G,Y,Y,R,W,G,O,O,O,O,R,Y,W,W,B,Y,Y,Y,G,Y,W,W,B,R,G,B,R,O,G,R
5.607681, -15.279142, 0, 0, 0, 34, 43, 43,W,O,G,B,W,B,O,R,Y,B,G,B,O,G,B,O,G,Y,Y,W,B,R,R,R,R,W,O,R,W,G,O,O,O,B,W,W,Y,Y,G,Y,Y,Y,G,Y,W,W,B,R,G,B,R,O,G,R
3.8210764, -16.785147, 0, 0, 0, 37, 44, 44,O,B,W,R,W,O,Y,B,G,R,R,Y,O,G,B,O,G,Y,O,W,B,G,R,R,R,W,O,R,W,B,O,O,G,B,W,B,Y,Y,G,Y,Y,Y,G,Y,W,W,B,R,G,B,R,W,O,G
11.427071, -17.605314, 0, 0, 0, 39, 45, 45,O,B,W,R,W,O,R,W,O,Y,B,Y,R,G,G,R,O,O,O,W,B,G,R,R,G,Y,Y,R,W,B,O,O,G,Y,B,G,B,W,B,Y,Y,Y,G,Y,W,W,B,R,G,B,R,W,O,G
11.148559, -13.0779295, 0, 0, 0, 36, 46, 46,W,O,O,B,W,W,O,R,R,B,G,G,R,G,G,R,O,O,Y,W,B,B,R,R,Y,Y,Y,R,W,G,O,O,O,Y,B,W,B,W,B,Y,Y,Y,G,Y,W,W,B,R,G,B,R,O,G,G
5.0130544, -12.928792, 0, 0, 0, 30, 47, 47,W,O,O,B,W,W,Y,B,W,R,R,B,O,G,G,O,G,G,Y,W,B,B,R,R,O,R,R,R,W,G,O,O,O,B,W,B,Y,Y,Y,Y,Y,Y,G,Y,W,W,B,R,G,B,R,O,G,G
3.3450089, -14.179085, 0, 0, 0, 26, 48, 48,O,W,W,O,W,B,W,B,Y,G,O,B,O,G,G,O,G,G,B,W,B,R,R,R,R,R,R,R,W,G,O,O,G,B,W,O,Y,Y,Y,Y,Y,Y,G,Y,W,W,B,R,G,B,R,Y,B,O
1.394108, -13.9962845, 0, 0, 0, 31, 49, 49,O,W,R,O,W,R,W,B,O,G,O,W,O,G,B,O,G,Y,B,R,R,W,R,R,B,R,R,R,W,G,O,O,G,B,W,O,Y,Y,B,Y,Y,G,G,Y,G,W,B,Y,G,B,Y,Y,B,W
7.2412357, -10.5652075, 0, 0, 0, 36, 50, 50,O,W,R,O,W,R,B,R,R,W,B,Y,O,G,G,G,O,O,B,R,R,W,R,R,B,Y,Y,R,W,G,O,O,G,W,B,O,O,W,B,Y,Y,G,G,Y,G,W,B,Y,G,B,Y,Y,B,W
9.327771, -11.390239, 0, 0, 0, 38, 51, 51,B,O,O,R,W,W,R,R,R,B,W,B,O,G,G,G,O,O,Y,R,R,B,R,R,W,Y,Y,R,W,W,O,O,B,W,B,Y,O,W,B,Y,Y,G,G,Y,G,W,B,Y,G,B,Y,O,G,G
4.179743, -10.837609, 0, 0, 0, 31, 52, 52,B,O,O,R,W,W,W,B,Y,G,O,B,O,G,W,O,G,B,Y,R,R,B,R,R,R,R,R,R,W,W,O,O,B,B,W,O,Y,Y,W,Y,Y,G,G,Y,G,W,B,Y,G,B,Y,O,G,G
2.3279462, -11.584979, 0, 0, 0, 27, 53, 53,B,O,B,R,W,W,W,B,B,G,O,W,O,G,G,O,G,G,R,B,Y,R,R,R,R,R,R,R,W,W,O,O,B,B,W,O,Y,Y,Y,Y,Y,Y,G,Y,G,W,B,O,G,B,W,O,G,Y
-0.48169312, -11.315623, 0, 0, 0, 28, 54, 54,R,B,Y,R,W,W,W,B,B,G,O,W,O,G,G,O,G,G,G,Y,G,R,R,R,R,R,R,B,O,B,O,O,B,B,W,O,Y,Y,Y,Y,Y,Y,W,W,R,O,G,W,G,B,B,Y,W,O
-0.6691551, -8.661989, 0, 0, 0, 28, 55, 55,W,R,R,B,W,B,B,W,Y,R,R,G,O,G,G,O,G,G,Y,Y,G,W,R,R,O,R,R,B,O,G,O,O,O,B,W,W,Y,Y,Y,Y,Y,Y,W,W,R,O,G,W,G,B,B,O,B,B
2.0146382, -9.052608, 0, 0, 0, 26, 56, 56,B,O,G,B,W,B,B,W,Y,R,R,G,O,G,G,O,G,G,W,R,R,W,R,R,O,R,R,R,W,W,O,O,O,B,W,W,Y,Y,Y,Y,Y,Y,G,Y,Y,W,B,B,G,B,B,O,G,O
-6.4312572, -2.1723037, 0, 0, 0, 24, 57, 57,R,O,G,O,W,B,O,W,Y,Y,R,G,Y,G,G,G,G,G,W,R,R,W,R,R,O,R,R,W,O,W,W,O,W,R,O,B,W,Y,Y,G,Y,Y,O,Y,Y,B,B,B,B,B,B,B,G,O
2.3027666, -3.4846466, 0, 0, 0, 24, 58, 58,Y,W,O,B,W,O,G,O,R,O,G,B,Y,G,G,G,G,G,B,R,R,W,R,R,W,R,R,W,O,O,W,O,W,R,O,W,W,Y,Y,G,Y,Y,O,Y,Y,B,B,B,B,B,B,G,R,Y
2.3552916, -6.4388995, 0, 0, 0, 25, 59, 59,B,W,O,B,W,O,G,O,R,Y,G,B,B,G,G,G,G,G,B,R,R,W,R,R,W,R,R,R,W,W,O,O,O,W,W,O,O,Y,Y,Y,Y,Y,G,Y,Y,W,B,B,G,B,B,O,R,Y
4.905858, -7.183736, 0, 0, 0, 26, 60, 60,O,O,R,W,W,O,B,B,G,W,O,O,B,G,G,G,G,G,B,R,R,G,R,R,Y,R,R,R,W,Y,O,O,R,W,W,O,O,Y,Y,Y,Y,Y,G,Y,Y,W,B,B,G,B,B,B,W,W
4.8957195, -4.618074, 0, 0, 0, 29, 61, 61,W,O,R,G,W,O,B,B,G,O,O,O,W,G,G,B,G,G,B,R,R,G,R,R,Y,R,R,W,O,R,W,O,W,O,R,Y,W,Y,Y,B,Y,Y,G,Y,Y,O,B,B,Y,B,B,G,W,W
0.6457013, -4.7256427, 0, 0, 0, 25, 62, 62,B,G,W,B,W,O,G,O,R,Y,G,B,W,G,G,B,G,G,G,R,R,W,R,R,W,R,R,W,O,O,W,O,O,O,R,O,W,Y,Y,B,Y,Y,G,Y,Y,O,B,B,Y,B,B,Y,W,R
3.0959628, -1.3664051, 0, 0, 0, 19, 63, 63,Y,G,W,W,W,O,B,O,R,W,G,B,B,G,G,G,G,G,G,R,R,W,R,R,W,R,R,O,O,O,O,O,R,W,W,O,O,Y,Y,Y,Y,Y,Y,Y,Y,B,B,B,B,B,B,G,W,R
5.28073, -1.2494793, 0, 0, 0, 20, 64, 64,Y,G,W,W,W,O,W,W,O,G,B,W,G,G,G,G,G,B,G,R,R,W,R,R,B,O,R,O,O,O,O,O,R,Y,Y,O,R,R,W,Y,Y,Y,Y,Y,Y,B,B,B,B,B,B,G,W,R
7.3617554, 0.13045818, 0, 0, 0, 20, 65, 65,O,W,W,O,W,W,W,G,Y,R,W,G,G,G,G,G,G,B,O,R,R,R,R,R,O,O,R,O,O,B,O,O,W,Y,Y,G,R,R,W,Y,Y,Y,Y,Y,Y,B,B,B,B,B,B,W,B,G
5.7080564, 1.5030856, 0, 0, 0, 18, 66, 66,O,W,W,O,W,W,W,R,R,B,G,G,G,G,G,G,W,R,O,R,R,R,R,R,Y,Y,G,O,O,B,O,O,W,O,O,R,Y,G,W,Y,Y,Y,Y,Y,Y,B,B,B,B,B,B,W,B,G
2.1375947, 17.230465, 0, 0, 0, 25, 67, 67,B,W,W,B,W,W,W,R,R,O,G,G,O,G,G,W,W,R,O,R,R,R,R,R,Y,Y,G,O,O,O,O,O,O,R,W,B,B,G,W,G,Y,Y,G,Y,Y,Y,B,B,Y,B,B,Y,B,G
0.49143708, -1.5445328, 0, 0, 0, 21, 68, 68,B,W,W,B,W,W,R,W,B,W,O,O,W,G,G,R,G,G,O,R,R,R,R,R,W,R,R,O,O,O,O,O,O,W,G,B,G,Y,Y,G,Y,Y,G,Y,Y,Y,B,B,Y,B,B,Y,B,G
-0.4417441, 3.5093002, 0, 1, 0, 11, 69, 69,W,W,W,W,W,W,R,W,B,G,O,O,G,G,G,G,G,G,O,R,R,R,R,R,W,R,R,O,O,B,O,O,G,O,O,W,Y,Y,Y,Y,Y,Y,Y,Y,Y,B,B,B,B,B,B,R,B,G
-4.7876825, 10.020342, 0, 0, 0, 19, 70, 70,W,W,O,W,W,G,R,W,G,G,O,Y,G,G,Y,G,G,Y,W,R,O,R,R,R,R,R,R,O,O,B,O,O,G,O,O,W,Y,Y,B,Y,Y,B,Y,Y,G,B,B,W,B,B,W,R,B,B
-2.6510112, 14.243539, 0, 0, 0, 21, 71, 71,R,W,W,W,W,W,G,G,O,R,R,W,G,G,Y,G,G,Y,R,R,O,B,R,R,B,R,R,O,O,G,O,O,O,O,O,Y,Y,Y,B,Y,Y,B,Y,Y,G,B,B,W,B,B,W,W,G,B
2.2262118, 8.014171, 0, 0, 0, 18, 72, 72,R,W,W,W,W,W,G,G,B,R,R,W,G,G,W,G,G,O,O,R,R,R,R,R,R,B,B,O,O,G,O,O,O,O,O,Y,Y,Y,W,Y,Y,Y,Y,Y,Y,B,B,B,B,B,B,W,G,G
0.45054397, 7.0350304, 0, 0, 0, 21, 73, 73,G,W,R,G,W,W,B,W,W,R,R,O,G,G,W,G,G,O,W,R,R,G,R,R,G,B,B,O,O,R,O,O,R,O,O,W,Y,Y,W,Y,Y,Y,Y,Y,Y,B,B,B,B,B,B,Y,O,G
-2.1826603, 11.806723, 0, 0, 0, 26, 74, 74,G,W,O,G,W,W,B,W,O,R,R,W,G,G,Y,G,G,Y,G,G,W,B,R,R,B,R,R,O,O,R,O,O,R,O,O,W,Y,Y,B,Y,Y,B,Y,Y,G,B,B,R,B,B,W,Y,O,W
-3.8313866, 8.674757, 0, 0, 0, 24, 75, 75,O,W,B,W,W,G,O,W,G,W,O,Y,G,G,Y,G,G,Y,W,G,W,R,R,R,R,R,R,O,O,B,O,O,B,O,O,G,Y,Y,B,Y,Y,B,Y,Y,G,B,B,R,B,B,W,W,R,R
3.3360538, 2.2091444, 0, 0, 0, 16, 76, 76,O,W,R,W,W,W,O,W,R,W,O,B,G,G,G,G,G,G,W,R,R,G,R,R,W,R,R,O,O,B,O,O,B,O,O,G,Y,Y,Y,Y,Y,Y,Y,Y,Y,B,B,B,B,B,B,W,R,G
-1.6677408, 2.6951025, 0, 1, 0, 11, 77, 77,O,W,O,W,W,W,R,W,R,W,G,W,G,G,G,G,G,G,W,R,R,R,R,R,G,R,R,O,O,W,O,O,O,O,O,B,Y,Y,Y,Y,Y,Y,Y,Y,Y,B,B,B,B,B,B,G,B,B
-1.9978354, -1.0457008, 0, 0, 0, 18, 78, 78,W,W,O,G,W,W,G,W,R,Y,G,W,Y,G,G,Y,G,G,W,R,R,R,R,R,G,R,R,W,O,B,O,O,O,O,O,O,B,Y,Y,B,Y,Y,G,Y,Y,O,B,B,W,B,B,R,B,B
-3.4879801, -0.068853594, 0, 0, 0, 21, 79, 79,G,G,W,W,W,W,R,W,O,G,R,W,Y,G,G,Y,G,G,R,R,R,B,R,R,B,R,R,W,O,Y,O,O,G,O,O,W,B,Y,Y,B,Y,Y,G,Y,Y,O,B,B,W,B,B,O,O,B
-7.8806033, 11.90225, 0, 0, 0, 30, 80, 80,G,G,W,W,W,G,R,W,G,G,R,Y,Y,G,Y,Y,G,Y,B,B,R,R,R,R,R,R,R,W,O,Y,O,O,G,O,O,W,B,Y,B,B,Y,B,G,Y,B,O,B,W,W,B,W,O,O,O
-8.981122, 9.09951, 0, 0, 0, 27, 81, 81,W,G,G,G,W,W,G,W,R,Y,G,W,Y,G,Y,Y,G,Y,Y,B,R,R,R,R,G,R,R,W,O,O,O,O,O,O,O,O,B,Y,B,B,Y,B,G,Y,B,O,B,W,W,B,W,B,R,R
-6.995041, 9.195243, 0, 0, 0, 21, 82, 82,O,G,G,W,W,W,B,W,R,W,G,W,G,G,Y,G,G,Y,Y,B,R,R,R,R,G,R,R,O,O,W,O,O,O,O,O,O,Y,Y,B,Y,Y,B,Y,Y,B,B,B,W,B,B,W,G,R,R
-5.4000273, 11.516393, 0, 0, 0, 22, 83, 83,B,W,O,W,W,G,R,W,G,G,R,Y,G,G,Y,G,G,Y,G,B,R,R,R,R,R,R,R,O,O,W,O,O,G,O,O,W,Y,Y,B,Y,Y,B,Y,Y,B,B,B,W,B,B,W,O,O,W
0.8404038, 3.8301988, 0, 0, 0, 11, 84, 84,B,W,W,W,W,W,R,W,W,G,R,O,G,G,G,G,G,G,R,R,R,B,R,R,G,R,R,O,O,W,O,O,G,O,O,W,Y,Y,Y,Y,Y,Y,Y,Y,Y,B,B,B,B,B,B,O,O,B
-0.90680826, 2.1358638, 0, 0, 0, 9, 85, 85,W,W,W,W,W,W,B,W,R,W,G,W,G,G,G,G,G,G,O,R,R,R,R,R,G,R,R,O,O,B,O,O,O,O,O,O,Y,Y,Y,Y,Y,Y,Y,Y,Y,B,B,B,B,B,B,R,B,G
-1.735995, -0.664838, 0, 0, 0, 16, 86, 86,W,W,W,G,W,W,G,W,R,Y,G,W,Y,G,G,Y,G,G,O,R,R,R,R,R,G,R,R,B,O,O,O,O,O,O,O,O,B,Y,Y,B,Y,Y,R,Y,Y,W,B,B,W,B,B,B,B,G
-3.2205355, 0.24987033, 0, 0, 0, 22, 87, 87,G,G,W,W,W,W,R,W,W,G,R,O,Y,G,G,Y,G,G,B,R,R,B,R,R,G,R,R,B,O,Y,O,O,G,O,O,W,B,Y,Y,B,Y,Y,R,Y,Y,W,B,B,W,B,B,O,O,O
-7.482993, 12.024461, 0, 0, 0, 32, 88, 88,G,G,O,W,W,G,R,W,G,G,R,Y,Y,G,Y,Y,G,Y,G,B,B,R,R,R,R,R,R,B,O,Y,O,O,G,O,O,W,B,Y,B,B,Y,B,R,Y,O,W,B,W,W,B,W,O,O,W
-8.753614, 9.366772, 0, 0, 0, 31, 89, 89,O,G,G,G,W,W,G,W,R,Y,G,W,Y,G,Y,Y,G,Y,Y,B,B,R,R,R,G,R,R,B,O,W,O,O,O,O,O,O,B,Y,B,B,Y,B,R,Y,O,W,B,W,W,B,W,G,R,R
-6.794223, 8.802533, 0, 0, 0, 22, 90, 90,W,G,G,W,W,W,G,W,R,O,G,W,G,G,Y,G,G,Y,Y,B,B,R,R,R,G,R,R,O,O,B,O,O,O,O,O,W,Y,Y,B,Y,Y,B,Y,Y,O,B,B,W,B,B,W,R,R,R
-5.7496448, 10.841935, 0, 0, 0, 19, 91, 91,G,W,W,W,W,G,R,W,G,G,R,Y,G,G,Y,G,G,Y,R,B,B,R,R,R,R,R,R,O,O,O,O,O,G,O,O,W,Y,Y,B,Y,Y,B,Y,Y,O,B,B,W,B,B,W,W,O,B
0.44200847, 4.6737404, 0, 0, 0, 12, 92, 92,G,W,W,W,W,W,R,W,B,G,R,W,G,G,G,G,G,G,B,R,R,B,R,R,R,R,R,O,O,O,O,O,G,O,O,W,Y,Y,Y,Y,Y,Y,Y,Y,Y,B,B,B,B,B,B,W,O,O
-2.598849, 3.2526064, 0, 1, 0, 9, 93, 93,W,W,B,W,W,W,G,W,R,O,G,W,G,G,G,G,G,G,W,R,R,R,R,R,G,R,R,O,O,O,O,O,O,O,O,W,Y,Y,Y,Y,Y,Y,Y,Y,Y,B,B,B,B,B,B,B,B,R
-4.659915, 2.7520833, 0, 0, 0, 17, 94, 94,W,W,B,W,W,B,G,W,R,O,G,B,G,G,W,G,G,R,R,R,R,R,R,R,W,R,G,O,O,O,O,O,O,O,O,W,Y,Y,W,Y,Y,G,Y,Y,G,B,B,Y,B,B,Y,B,B,Y
-8.795436, 3.431927, 0, 0, 0, 25, 95, 95,W,W,B,W,W,B,G,W,R,O,G,B,G,G,W,G,R,R,R,R,B,R,R,B,W,R,Y,G,O,O,G,O,O,R,O,W,W,G,G,Y,Y,Y,Y,Y,Y,O,O,O,B,B,Y,B,B,Y
-7.124096, 5.3961844, 0, 0, 0, 21, 96, 96,W,W,B,W,W,W,G,W,R,O,G,G,G,G,Y,G,R,Y,W,R,R,R,R,R,Y,B,B,G,O,O,G,O,O,R,O,W,W,G,O,Y,Y,Y,Y,Y,Y,O,O,B,B,B,B,B,B,R
-5.425861, 5.167917, 0, 0, 0, 19, 97, 97,W,W,B,W,W,W,G,W,R,O,G,G,G,G,Y,G,G,R,W,R,Y,R,R,R,Y,B,G,B,O,O,O,O,O,O,O,W,Y,Y,W,Y,Y,G,Y,Y,O,R,R,B,B,B,B,B,B,R
-6.125248, 3.1465313, 0, 0, 0, 22, 98, 98,W,W,B,W,W,B,G,W,R,O,G,B,G,G,W,G,G,R,Y,R,G,R,R,B,W,R,Y,B,O,O,O,O,O,O,O,W,Y,Y,G,Y,Y,Y,Y,Y,R,R,R,W,B,B,G,B,B,O
-7.575361, 3.1400902, 0, 0, 0, 22, 99, 99,W,W,B,W,W,B,G,W,R,O,G,B,G,G,W,Y,B,G,Y,R,R,R,R,R,W,R,W,G,O,O,G,O,O,R,O,W,G,Y,R,Y,Y,Y,Y,Y,Y,O,O,B,B,B,G,B,B,O
-7.542145, 4.4305444, 0, 0, 0, 23, 100, 100,W,W,B,W,W,W,G,W,G,O,G,R,G,G,Y,Y,B,Y,W,R,Y,R,R,R,W,R,R,G,O,O,G,O,O,R,O,W,G,Y,B,Y,Y,G,Y,Y,O,O,O,B,B,B,B,B,B,R
-5.414743, 4.1421266, 0, 0, 0, 22, 101, 101,W,W,B,W,W,W,G,W,G,O,G,R,G,G,Y,G,G,R,W,R,Y,R,R,B,W,R,Y,B,O,O,O,O,O,O,O,W,Y,Y,G,Y,Y,Y,O,G,B,Y,R,R,B,B,B,B,B,R
-6.2805533, 1.9367796, 0, 0, 0, 22, 102, 102,W,W,R,W,W,B,G,W,R,O,G,B,G,G,W,G,G,G,Y,B,Y,R,R,R,W,R,W,B,O,O,O,O,O,O,O,W,Y,Y,R,Y,Y,Y,O,G,R,Y,R,G,B,B,Y,B,B,B
-7.9539075, 2.109068, 0, 0, 0, 26, 103, 103,W,W,R,W,W,B,G,W,R,O,G,B,G,G,W,W,R,Y,Y,B,Y,R,R,R,W,R,G,G,O,O,G,O,O,G,O,W,R,Y,R,Y,Y,G,Y,Y,O,O,O,B,B,B,Y,B,B,B
-8.705064, 4.9857006, 0, 0, 0, 24, 104, 104,W,W,B,W,W,W,G,W,Y,O,G,R,G,G,G,W,R,O,W,R,Y,R,R,B,G,R,Y,G,O,O,G,O,O,G,O,W,R,Y,B,Y,Y,Y,Y,Y,B,O,O,R,B,B,B,B,B,R
-3.8841186, 4.2151723, 0, 0, 0, 17, 105, 105,W,W,B,W,W,W,G,W,Y,O,G,R,G,G,G,G,G,G,W,R,O,R,R,R,G,R,W,R,O,O,O,O,O,O,O,W,Y,Y,R,Y,Y,Y,B,Y,B,Y,B,Y,B,B,B,B,B,R
-5.202514, 2.2017925, 0, 0, 0, 21, 106, 106,W,W,Y,W,W,B,G,W,R,O,G,B,G,G,W,G,G,Y,O,R,W,R,R,R,W,R,G,R,O,O,O,O,O,O,O,W,Y,Y,R,Y,Y,G,B,Y,G,Y,B,R,B,B,Y,B,B,B
-9.133576, 2.8349295, 0, 0, 0, 25, 107, 107,W,W,Y,W,W,B,G,W,R,O,G,B,G,G,W,G,R,W,O,R,Y,R,R,B,W,R,R,G,O,O,G,O,O,Y,O,W,R,G,G,Y,Y,Y,Y,Y,B,O,O,R,B,B,Y,B,B,B
-7.6816773, 5.848285, 0, 0, 0, 22, 108, 108,W,W,B,W,W,W,G,W,W,O,G,G,G,G,Y,G,R,B,W,R,O,R,R,R,R,B,Y,G,O,O,G,O,O,Y,O,W,R,G,R,Y,Y,Y,Y,Y,B,O,O,Y,B,B,B,B,B,R
-4.8909707, 5.631542, 0, 0, 0, 19, 109, 109,W,W,B,W,W,W,G,W,W,O,G,G,G,G,Y,G,G,Y,W,R,B,R,R,R,R,B,G,Y,O,O,O,O,O,O,O,W,Y,Y,R,Y,Y,G,B,Y,R,O,R,Y,B,B,B,B,B,R
8.255308, 4.7318316, 0, 0, 0, 27, 110, 110,B,W,W,W,W,W,W,W,G,O,O,W,G,G,Y,G,G,Y,G,R,B,G,R,R,O,B,G,Y,O,R,O,O,B,O,O,B,Y,Y,R,Y,Y,G,B,Y,R,O,R,Y,B,B,B,W,R,R
8.046632, 7.310456, 0, 0, 0, 27, 111, 111,B,W,Y,W,W,B,W,W,R,O,O,W,G,G,W,G,G,G,B,R,G,R,R,B,G,G,O,Y,O,R,O,O,B,O,O,B,Y,Y,W,Y,Y,Y,B,Y,Y,O,R,R,B,B,G,W,R,R
10.604861, 7.798107, 0, 0, 0, 29, 112, 112,B,W,Y,W,W,B,W,W,R,O,O,W,G,G,W,O,B,G,B,R,O,R,R,R,G,G,R,G,O,R,G,O,B,G,O,B,W,Y,Y,Y,Y,Y,Y,Y,B,O,O,Y,B,B,G,W,R,R
10.892353, 5.0842495, 0, 0, 0, 28, 113, 113,B,W,W,W,W,W,W,W,G,O,O,Y,G,G,Y,O,B,B,G,R,B,G,R,R,R,R,O,G,O,R,G,O,B,G,O,B,W,Y,Y,Y,Y,G,Y,Y,R,O,O,Y,B,B,B,W,R,R
7.044799, 5.0363793, 0, 0, 0, 23, 114, 114,B,W,W,W,W,W,W,W,G,O,O,Y,G,G,Y,G,G,G,G,R,B,G,R,B,R,R,O,Y,O,R,O,O,B,O,O,B,Y,Y,W,Y,Y,Y,R,G,Y,B,R,O,B,B,B,W,R,R
7.182714, 7.817338, 0, 0, 0, 26, 115, 115,B,W,O,W,W,B,W,W,R,O,O,W,G,G,W,G,G,G,B,B,O,R,R,R,G,G,R,Y,O,R,O,O,B,O,O,B,Y,Y,Y,Y,Y,Y,R,G,G,B,R,W,B,B,Y,W,R,Y
9.508828, 8.063315, 0, 0, 0, 33, 116, 116,B,W,O,W,W,B,W,W,R,O,O,W,G,G,W,R,R,O,B,B,B,R,R,R,G,G,W,G,O,R,G,O,B,G,O,B,Y,Y,G,Y,Y,G,Y,Y,R,O,O,Y,B,B,Y,W,R,Y
9.77707, 5.0702972, 0, 0, 0, 25, 117, 117,B,W,W,W,W,W,W,W,O,O,O,G,G,G,G,R,R,R,G,R,B,G,R,B,W,R,B,G,O,R,G,O,B,G,O,B,Y,Y,Y,Y,Y,Y,Y,Y,Y,O,O,O,B,B,B,W,R,R
4.2283006, 3.3902836, 0, 0, 0, 13, 118, 118,B,W,W,W,W,W,W,W,O,O,O,G,G,G,G,G,G,G,G,R,R,G,R,R,W,R,R,O,O,R,O,O,B,O,O,B,Y,Y,Y,Y,Y,Y,Y,Y,Y,B,B,B,B,B,B,W,R,R
6.122153, 6.946003, 0, 0, 0, 23, 119, 119,B,W,B,W,W,B,W,W,R,O,O,W,G,G,W,G,G,O,R,R,R,R,R,R,G,G,W,O,O,R,O,O,B,O,O,B,Y,Y,G,Y,Y,G,Y,Y,G,B,B,Y,B,B,Y,W,R,Y
9.529911, 6.8531365, 0, 0, 0, 31, 120, 120,B,W,B,W,W,B,W,W,R,O,O,W,G,G,W,W,R,R,R,R,B,R,R,B,G,G,Y,G,O,R,G,O,B,O,O,B,G,G,G,Y,Y,Y,Y,Y,Y,O,O,O,B,B,Y,W,R,Y
9.745895, 3.8201492, 0, 0, 0, 26, 121, 121,B,W,W,W,W,W,W,W,R,O,O,G,G,G,Y,W,R,Y,G,R,R,G,R,R,Y,B,B,G,O,R,G,O,B,O,O,B,G,G,O,Y,Y,Y,Y,Y,Y,O,O,B,B,B,B,W,R,R
8.108516, 3.7337577, 0, 0, 0, 24, 122, 122,B,W,W,W,W,W,W,W,R,O,O,G,G,G,Y,G,G,O,G,R,Y,G,R,R,Y,B,W,B,O,R,O,O,B,O,O,B,Y,Y,G,Y,Y,G,Y,Y,O,R,R,B,B,B,B,W,R,R
7.9308157, 6.5478773, 0, 0, 0, 28, 123, 123,B,W,B,W,W,B,W,W,R,O,O,W,G,G,W,G,G,R,Y,R,W,R,R,B,G,G,Y,B,O,R,O,O,B,O,O,B,Y,Y,G,Y,Y,Y,Y,Y,O,R,R,G,B,B,G,W,R,O
10.740536, 6.8782697, 0, 0, 0, 29, 124, 124,B,W,B,W,W,B,W,W,R,O,O,W,G,G,W,Y,B,W,Y,R,R,R,R,R,G,G,G,G,O,R,G,O,B,R,O,B,G,Y,O,Y,Y,Y,Y,Y,Y,O,O,B,B,B,G,W,R,O
10.810067, 4.0652966, 0, 0, 0, 27, 125, 125,B,W,W,W,W,W,W,W,W,O,O,O,G,G,Y,Y,B,Y,G,R,Y,G,R,R,G,R,R,G,O,R,G,O,B,R,O,B,G,Y,B,Y,Y,G,Y,Y,O,O,O,B,B,B,B,W,R,R
6.92327, 4.2281117, 0, 0, 0, 26, 126, 126,B,W,W,W,W,W,W,W,W,O,O,O,G,G,Y,G,G,R,G,R,Y,G,R,B,G,R,Y,B,O,R,O,O,B,O,O,B,Y,Y,G,Y,Y,Y,O,G,B,Y,R,R,B,B,B,W,R,R
5.554023, 10.485483, 0, 0, 0, 25, 127, 127,W,W,W,W,W,W,W,W,B,R,R,W,G,G,Y,G,G,R,B,R,Y,B,R,B,R,R,Y,B,O,G,O,O,G,O,O,G,Y,Y,G,Y,Y,Y,O,G,B,Y,R,R,B,B,B,O,O,O
4.8558345, 13.2230015, 0, 0, 0, 27, 128, 128,W,W,R,W,W,B,W,W,O,R,R,W,G,G,W,G,G,B,Y,B,Y,R,R,R,B,B,R,B,O,G,O,O,G,O,O,G,Y,Y,W,Y,Y,Y,O,G,R,Y,R,G,B,B,Y,O,O,B
7.432757, 14.493428, 0, 0, 0, 31, 129, 129,W,W,R,W,W,B,W,W,O,R,R,W,G,G,W,R,R,Y,Y,B,Y,R,R,R,B,B,G,G,O,G,G,O,G,B,O,G,W,Y,R,Y,Y,G,Y,Y,O,O,O,B,B,B,Y,O,O,B
8.794287, 10.553161, 0, 0, 0, 28, 130, 130,W,W,W,W,W,W,W,W,Y,R,R,R,G,G,G,R,R,O,B,R,Y,B,R,B,G,R,Y,G,O,G,G,O,G,B,O,G,W,Y,B,Y,Y,Y,Y,Y,B,O,O,R,B,B,B,O,O,O
4.594128, 9.629287, 0, 0, 0, 21, 131, 131,W,W,W,W,W,W,W,W,Y,R,R,R,G,G,G,G,G,B,B,R,O,B,R,R,G,R,R,R,O,G,O,O,G,O,O,G,Y,Y,W,Y,Y,Y,B,Y,B,Y,B,Y,B,B,B,O,O,O
5.916015, 13.778998, 0, 0, 0, 25, 132, 132,W,W,Y,W,W,B,W,W,O,R,R,W,G,G,W,G,G,Y,O,R,R,R,R,R,B,B,G,R,O,G,O,O,G,O,O,G,Y,Y,R,Y,Y,G,B,Y,B,Y,B,W,B,B,Y,O,O,B
7.401455, 13.0967655, 0, 0, 0, 31, 133, 133,W,W,Y,W,W,B,W,W,O,R,R,W,G,G,W,G,R,R,O,R,Y,R,R,B,B,B,W,G,O,G,G,O,G,Y,O,G,R,G,B,Y,Y,Y,Y,Y,B,O,O,R,B,B,Y,O,O,B
8.199757, 11.536639, 0, 0, 0, 29, 134, 134,W,W,W,W,W,W,W,W,R,R,R,B,G,G,Y,G,R,B,B,R,O,B,R,R,W,B,Y,G,O,G,G,O,G,Y,O,G,R,G,R,Y,Y,Y,Y,Y,B,O,O,Y,B,B,B,O,O,O
7.020457, 10.861992, 0, 0, 0, 26, 135, 135,W,W,W,W,W,W,W,W,R,R,R,B,G,G,Y,G,G,Y,B,R,B,B,R,R,W,B,G,Y,O,G,O,O,G,O,O,G,Y,Y,R,Y,Y,G,B,Y,R,O,R,Y,B,B,B,O,O,O
6.3238463, 12.403784, 0, 0, 0, 27, 136, 136,W,W,Y,W,W,B,W,W,O,R,R,W,G,G,W,G,G,R,B,R,G,R,R,B,B,B,W,Y,O,G,O,O,G,O,O,G,Y,Y,B,Y,Y,Y,B,Y,Y,O,R,R,B,B,G,O,O,R
8.722972, 13.083607, 0, 0, 0, 28, 137, 137,W,W,Y,W,W,B,W,W,O,R,R,W,G,G,W,W,B,G,B,R,O,R,R,R,B,B,R,G,O,G,G,O,G,R,O,G,B,Y,Y,Y,Y,Y,Y,Y,B,O,O,Y,B,B,G,O,O,R
9.625572, 11.823974, 0, 0, 0, 27, 138, 138,W,W,W,W,W,W,W,W,G,R,R,Y,G,G,Y,W,B,B,B,R,B,B,R,R,R,R,O,G,O,G,G,O,G,R,O,G,B,Y,Y,Y,Y,G,Y,Y,R,O,O,Y,B,B,B,O,O,O
6.0770755, 10.096302, 0, 0, 0, 23, 139, 139,W,W,W,W,W,W,W,W,G,R,R,Y,G,G,Y,G,G,R,B,R,B,B,R,B,R,R,W,Y,O,G,O,O,G,O,O,G,Y,Y,B,Y,Y,Y,R,G,Y,B,R,O,B,B,B,O,O,O
4.944648, 12.6038265, 0, 0, 0, 24, 140, 140,W,W,O,W,W,B,W,W,O,R,R,W,G,G,W,G,G,G,B,B,W,R,R,R,B,B,R,Y,O,G,O,O,G,O,O,G,Y,Y,Y,Y,Y,Y,R,G,R,B,R,B,B,B,Y,O,O,Y
8.157283, 14.208649, 0, 0, 0, 32, 141, 141,W,W,O,W,W,B,W,W,O,R,R,W,G,G,W,R,R,W,B,B,B,R,R,R,B,B,B,G,O,G,G,O,G,G,O,G,Y,Y,R,Y,Y,G,Y,Y,R,O,O,Y,B,B,Y,O,O,Y
9.463774, 10.564888, 0, 0, 0, 24, 142, 142,W,W,W,W,W,W,W,W,W,R,R,R,G,G,G,R,R,R,B,R,B,B,R,B,B,R,B,G,O,G,G,O,G,G,O,G,Y,Y,Y,Y,Y,Y,Y,Y,Y,O,O,O,B,B,B,O,O,O
1.7867348, 4.863059, 0, 0, 0, 12, 143, 143,W,W,W,W,W,W,W,W,W,R,R,R,G,G,G,G,G,G,B,R,R,B,R,R,B,R,R,O,O,G,O,O,G,O,O,G,Y,Y,Y,Y,Y,Y,Y,Y,Y,B,B,B,B,B,B,O,O,O
0.20949192, 1.3493552, 0, 1, 0, 0, 144, 144,W,W,W,W,W,W,W,W,W,G,G,G,G,G,G,G,G,G,R,R,R,R,R,R,R,R,R,O,O,O,O,O,O,O,O,O,Y,Y,Y,Y,Y,Y,Y,Y,Y,B,B,B,B,B,B,B,B,B
-19.787642, -2.0323074, 1, 1, 1, 39, 0, 145,O,B,G,W,W,R,Y,B,R,R,W,W,R,G,O,O,G,G,O,R,W,G,R,W,G,G,R,O,Y,Y,Y,O,R,G,B,B,W,W,Y,G,Y,O,B,B,R,W,O,B,O,B,Y,B,Y,Y
-17.860123, -3.1959846, 1, 0, 1, 38, 1, 146,R,B,Y,R,W,W,G,B,O,Y,Y,B,R,G,O,O,G,G,B,R,W,R,R,W,Y,G,R,O,Y,G,Y,O,G,G,B,O,W,W,Y,G,Y,O,B,B,R,W,O,B,O,B,Y,W,W,R
-16.17559, -1.8457825, 1, 0, 1, 40, 2, 147,R,B,Y,R,W,W,G,B,O,O,R,Y,G,G,Y,G,O,B,B,R,W,R,R,W,G,B,O,O,Y,G,Y,O,G,Y,W,W,R,G,Y,G,Y,O,B,B,R,W,O,B,O,B,Y,W,W,R
-14.598776, -0.30846024, 1, 0, 1, 42, 3, 148,R,B,Y,R,W,Y,G,B,B,O,R,Y,G,G,O,G,O,R,G,R,B,B,R,R,O,W,W,O,Y,G,Y,O,G,Y,W,W,R,G,B,G,Y,Y,B,B,R,W,O,Y,O,B,W,W,W,O
-12.826359, -1.929447, 1, 0, 1, 40, 4, 149,G,R,R,B,W,B,B,Y,Y,O,B,G,G,G,O,G,O,R,W,R,B,W,R,R,O,W,W,O,Y,O,Y,O,R,Y,W,Y,R,G,B,G,Y,Y,B,B,R,W,O,Y,O,B,W,W,G,G
-14.418778, -3.4891949, 1, 0, 1, 40, 5, 150,G,R,Y,B,W,W,B,Y,G,O,B,R,G,G,B,G,O,Y,B,R,W,R,R,W,W,W,O,O,Y,O,Y,O,R,Y,W,Y,R,G,G,G,Y,O,B,B,R,W,O,B,O,B,Y,W,G,R
-15.64045, -5.473851, 1, 0, 1, 38, 6, 151,G,R,Y,B,W,W,G,G,R,Y,O,G,B,G,G,R,B,O,B,R,W,R,R,W,Y,W,Y,O,Y,O,Y,O,R,W,W,O,G,Y,B,G,Y,O,B,B,R,W,O,B,O,B,Y,W,G,R
-14.181547, -7.6158996, 1, 0, 1, 39, 7, 152,G,R,Y,B,W,W,G,G,R,Y,O,G,B,G,G,Y,W,W,B,R,W,R,R,O,Y,W,B,R,Y,O,B,O,R,O,W,O,B,O,R,Y,Y,B,G,G,B,W,Y,O,O,B,Y,W,G,R
-11.522505, -7.082658, 1, 0, 1, 40, 8, 153,G,R,O,B,W,Y,G,G,R,Y,O,Y,B,G,W,Y,W,R,W,O,B,R,R,W,B,R,Y,R,Y,O,B,O,R,O,W,O,B,O,G,Y,Y,G,G,G,W,W,Y,R,O,B,B,W,G,B
-10.791344, -9.1215515, 1, 0, 1, 43, 9, 154,G,B,G,G,W,R,R,Y,O,B,R,W,B,G,W,Y,W,R,W,O,B,G,R,W,B,R,Y,R,Y,Y,B,O,O,O,W,Y,B,O,G,Y,Y,G,G,G,W,W,Y,R,O,B,B,O,R,O
-13.59652, -10.021775, 1, 0, 1, 40, 10, 155,G,B,W,G,W,W,R,Y,R,B,R,G,B,G,G,Y,W,W,B,G,W,R,R,O,Y,W,B,R,Y,Y,B,O,O,O,W,Y,B,O,R,Y,Y,B,G,G,O,W,Y,G,O,B,R,O,R,O
-14.189255, -12.055978, 1, 0, 1, 40, 11, 156,G,B,W,G,W,W,R,O,B,W,W,Y,G,G,B,G,R,B,B,G,W,R,R,O,O,W,Y,R,Y,Y,B,O,O,Y,W,B,R,Y,R,Y,Y,B,G,G,O,W,Y,G,O,B,R,O,R,O
-12.572988, -13.793196, 1, 0, 1, 40, 12, 157,G,B,W,G,W,W,R,O,B,W,W,Y,G,G,B,Y,O,W,B,G,W,R,R,Y,O,W,G,G,Y,Y,R,O,O,B,W,B,R,B,O,Y,Y,G,R,Y,G,Y,B,R,O,B,R,O,R,O
-10.171191, -12.0342245, 1, 0, 1, 41, 13, 158,G,B,R,G,W,R,R,O,O,W,W,W,G,G,W,Y,O,B,W,Y,G,G,R,W,B,R,O,G,Y,Y,R,O,O,B,W,B,R,B,Y,Y,Y,B,R,Y,W,Y,B,O,O,B,G,O,R,G
-8.785593, -13.771762, 1, 0, 1, 39, 14, 159,R,G,G,O,W,B,O,R,R,B,G,W,G,G,W,Y,O,B,O,Y,G,R,R,W,G,R,O,G,Y,W,R,O,W,B,W,W,R,B,Y,Y,Y,B,R,Y,W,Y,B,O,O,B,G,B,O,Y
-10.547295, -15.938756, 1, 0, 1, 36, 15, 160,R,G,W,O,W,W,O,R,B,B,G,Y,G,G,B,Y,O,W,G,R,O,R,R,Y,O,W,G,G,Y,W,R,O,W,B,W,W,R,B,O,Y,Y,G,R,Y,Y,Y,B,G,O,B,B,B,O,R
-8.883769, -16.897692, 1, 0, 1, 35, 16, 161,R,G,W,O,W,W,O,B,R,W,O,Y,B,G,G,Y,G,B,G,R,O,R,R,Y,B,W,W,G,Y,W,R,O,W,O,W,G,B,R,O,Y,Y,G,R,Y,Y,Y,B,G,O,B,B,B,O,R
-7.2428284, -18.763748, 1, 0, 1, 35, 17, 162,Y,G,W,O,W,W,B,B,R,R,O,Y,O,G,G,O,G,B,G,R,O,R,R,Y,B,W,W,O,R,G,W,O,Y,G,W,W,W,R,O,B,Y,G,Y,Y,Y,B,B,G,Y,B,B,R,O,R
-5.128403, -16.730337, 1, 0, 1, 32, 18, 163,W,W,R,G,W,B,Y,O,B,G,Y,W,O,G,G,O,G,B,Y,R,O,O,R,Y,R,W,W,O,R,R,W,O,O,G,W,R,W,R,O,B,Y,G,Y,Y,Y,B,B,G,Y,B,B,G,R,B
-4.8863077, -14.238434, 1, 0, 1, 35, 19, 164,G,W,R,O,W,B,O,O,B,W,Y,W,B,G,G,Y,G,B,Y,R,O,O,R,Y,R,W,W,R,O,R,R,O,W,O,W,G,B,R,O,Y,Y,G,G,Y,Y,W,B,G,G,B,B,Y,R,B
-4.1671453, -12.054513, 1, 0, 1, 35, 20, 165,G,W,R,O,W,B,O,W,G,Y,B,W,G,G,Y,B,G,W,Y,R,O,O,R,Y,O,O,B,R,O,R,R,O,W,O,R,B,W,W,R,Y,Y,G,G,Y,Y,W,B,G,G,B,B,Y,R,B
-4.7583337, -9.634533, 1, 0, 1, 34, 21, 166,G,W,W,O,W,Y,O,W,W,Y,B,R,G,G,G,B,G,Y,O,O,Y,O,R,R,B,Y,O,R,O,R,R,O,W,O,R,B,W,W,G,Y,Y,B,G,Y,B,W,B,R,G,B,B,Y,R,G
9.128827, -4.645616, 1, 0, 1, 32, 22, 167,O,O,G,W,W,W,W,Y,W,B,O,O,G,G,G,B,G,Y,Y,O,Y,R,R,R,G,Y,O,R,O,Y,R,O,B,O,R,R,W,W,G,Y,Y,B,G,Y,B,W,B,R,G,B,B,B,W,R
8.361435, -6.8674936, 1, 0, 1, 32, 23, 168,O,O,R,W,W,B,W,Y,R,B,O,G,G,G,W,B,G,W,Y,R,O,O,R,Y,Y,R,G,R,O,Y,R,O,B,O,R,R,W,W,O,Y,Y,G,G,Y,Y,W,B,G,G,B,B,B,W,B
10.233877, -8.221081, 1, 0, 1, 30, 24, 169,O,O,R,W,W,B,O,W,W,W,G,B,W,G,G,G,O,B,Y,R,O,O,R,Y,O,R,R,R,O,Y,R,O,B,Y,R,G,R,Y,W,Y,Y,G,G,Y,Y,W,B,G,G,B,B,B,W,B
12.911665, -8.11172, 1, 0, 1, 32, 25, 170,O,O,R,W,W,B,O,W,W,W,G,B,W,G,G,R,Y,O,Y,R,W,O,R,B,O,R,G,G,O,Y,O,O,B,B,R,G,W,G,Y,Y,Y,Y,R,Y,G,Y,R,R,G,B,B,B,W,B
13.081723, -5.460477, 1, 0, 1, 35, 26, 171,O,O,R,W,W,B,O,R,G,B,G,O,G,G,Y,W,W,R,Y,R,W,O,R,B,Y,G,W,G,O,Y,O,O,B,O,W,W,G,R,B,Y,Y,Y,R,Y,G,Y,R,R,G,B,B,B,W,B
12.800469, -3.2446294, 1, 0, 1, 36, 27, 172,O,O,O,W,W,Y,O,R,R,B,G,B,G,G,Y,W,W,G,Y,O,Y,G,R,R,W,B,W,G,O,Y,O,O,B,O,W,W,G,R,R,Y,Y,B,R,Y,B,Y,R,R,G,B,B,B,W,G
15.111245, -2.431083, 1, 0, 1, 36, 28, 173,O,W,O,R,W,O,R,Y,O,W,G,Y,G,G,Y,W,W,G,B,O,Y,W,R,R,G,B,W,G,O,B,O,O,G,O,W,B,G,R,R,Y,Y,B,R,Y,B,Y,R,R,G,B,B,W,B,Y
15.484277, -5.6225805, 1, 0, 1, 34, 29, 174,O,W,R,R,W,B,R,Y,Y,W,G,O,G,G,O,W,W,O,Y,R,W,O,R,B,B,W,G,G,O,B,O,O,G,O,W,B,G,R,Y,Y,Y,Y,R,Y,G,Y,R,R,G,B,B,W,B,B
-0.7952042, -15.94644, 1, 0, 1, 34, 30, 175,O,W,R,R,W,B,Y,R,G,O,W,W,O,G,G,O,G,W,Y,R,W,O,R,B,O,W,B,G,O,B,O,O,G,B,W,G,Y,Y,R,Y,Y,Y,R,Y,G,Y,R,R,G,B,B,W,B,B
-0.97955173, -18.335669, 1, 0, 1, 38, 31, 176,O,W,R,R,W,Y,Y,R,G,O,W,R,O,G,B,O,G,B,B,W,O,B,R,O,W,R,Y,G,O,B,O,O,G,B,W,G,Y,Y,R,Y,Y,B,R,Y,G,Y,R,W,G,B,G,W,B,W
-0.85007995, -20.869991, 1, 0, 1, 34, 32, 177,R,Y,G,W,W,R,O,R,Y,B,G,G,O,G,B,O,G,B,R,W,O,W,R,O,O,R,Y,G,O,W,O,O,B,B,W,W,Y,Y,R,Y,Y,B,R,Y,G,Y,R,W,G,B,G,B,B,W
1.4307017, -20.595737, 1, 0, 1, 35, 33, 178,G,Y,R,W,W,R,O,R,Y,B,G,G,O,G,B,O,G,B,G,O,W,W,R,O,O,R,Y,R,W,O,O,O,B,B,W,W,Y,Y,R,Y,Y,B,G,Y,R,W,B,B,G,B,G,W,R,Y
1.2795278, -18.081137, 1, 0, 1, 35, 34, 179,O,W,G,R,W,Y,Y,R,R,O,W,G,O,G,B,O,G,B,W,O,W,R,R,O,Y,R,Y,R,W,B,O,O,G,B,W,G,Y,Y,R,Y,Y,B,G,Y,R,W,B,B,G,B,G,W,B,O
7.3262615, -13.703261, 1, 1, 1, 33, 35, 180,O,W,R,R,W,B,Y,R,R,O,W,B,O,G,G,O,G,O,Y,R,Y,O,R,R,W,O,W,R,W,B,O,O,G,B,W,G,Y,Y,G,Y,Y,Y,G,Y,R,W,B,G,G,B,B,W,B,B
7.836696, -18.983711, 1, 0, 1, 33, 36, 181,R,R,Y,B,W,R,R,W,O,B,B,W,O,G,G,O,G,O,G,R,Y,G,R,R,B,O,W,R,W,W,O,O,O,B,W,Y,Y,Y,G,Y,Y,Y,G,Y,R,W,B,G,G,B,B,B,W,O
6.7416472, -21.039713, 1, 0, 1, 36, 37, 182,R,R,G,B,W,B,R,W,O,B,B,Y,O,G,R,O,G,O,Y,R,W,R,R,O,G,G,B,R,W,W,O,O,O,B,W,Y,Y,Y,W,Y,Y,G,G,Y,O,W,B,G,G,B,Y,B,W,R
4.421317, -20.22509, 1, 0, 1, 37, 38, 183,R,B,R,W,W,R,O,B,G,G,R,Y,O,G,R,O,G,O,B,R,W,W,R,O,R,G,B,R,W,B,O,O,B,B,W,Y,Y,Y,W,Y,Y,G,G,Y,O,W,B,G,G,B,Y,Y,O,W
5.7239027, -17.93277, 1, 0, 1, 35, 39, 184,R,B,Y,W,W,R,O,B,O,G,R,W,O,G,G,O,G,O,R,W,B,G,R,R,B,O,W,R,W,B,O,O,B,B,W,Y,Y,Y,G,Y,Y,Y,G,Y,W,W,B,R,G,B,R,Y,O,G
7.4972506, -15.905033, 1, 0, 1, 34, 40, 185,O,W,R,B,W,B,O,R,Y,B,G,R,O,G,G,O,G,O,Y,W,B,O,R,R,G,O,W,R,W,G,O,O,R,B,W,W,Y,Y,G,Y,Y,Y,G,Y,W,W,B,R,G,B,R,Y,B,B
9.881535, -15.293844, 1, 0, 1, 34, 41, 186,O,W,R,B,W,B,G,O,W,R,G,O,G,G,G,B,O,O,Y,W,B,O,R,R,G,Y,Y,R,W,G,O,O,R,O,R,Y,W,W,B,Y,Y,Y,G,Y,W,W,B,R,G,B,R,Y,B,B
11.845448, -15.074499, 1, 0, 1, 35, 42, 187,W,O,G,B,W,B,R,W,O,B,B,Y,G,G,G,B,O,O,Y,W,B,R,R,R,G,Y,Y,R,W,G,O,O,O,O,R,Y,W,W,B,Y,Y,Y,G,Y,W,W,B,R,G,B,R,O,G,R
5.606532, -15.280101, 1, 0, 1, 34, 43, 188,W,O,G,B,W,B,O,R,Y,B,G,B,O,G,B,O,G,Y,Y,W,B,R,R,R,R,W,O,R,W,G,O,O,O,B,W,W,Y,Y,G,Y,Y,Y,G,Y,W,W,B,R,G,B,R,O,G,R
3.8172936, -16.783268, 1, 0, 1, 37, 44, 189,O,B,W,R,W,O,Y,B,G,R,R,Y,O,G,B,O,G,Y,O,W,B,G,R,R,R,W,O,R,W,B,O,O,G,B,W,B,Y,Y,G,Y,Y,Y,G,Y,W,W,B,R,G,B,R,W,O,G
11.423461, -17.605124, 1, 0, 1, 39, 45, 190,O,B,W,R,W,O,R,W,O,Y,B,Y,R,G,G,R,O,O,O,W,B,G,R,R,G,Y,Y,R,W,B,O,O,G,Y,B,G,B,W,B,Y,Y,Y,G,Y,W,W,B,R,G,B,R,W,O,G
11.1468935, -13.077862, 1, 0, 1, 36, 46, 191,W,O,O,B,W,W,O,R,R,B,G,G,R,G,G,R,O,O,Y,W,B,B,R,R,Y,Y,Y,R,W,G,O,O,O,Y,B,W,B,W,B,Y,Y,Y,G,Y,W,W,B,R,G,B,R,O,G,G
5.01293, -12.928539, 1, 0, 1, 30, 47, 192,W,O,O,B,W,W,Y,B,W,R,R,B,O,G,G,O,G,G,Y,W,B,B,R,R,O,R,R,R,W,G,O,O,O,B,W,B,Y,Y,Y,Y,Y,Y,G,Y,W,W,B,R,G,B,R,O,G,G
3.3436213, -14.179387, 1, 0, 1, 26, 48, 193,O,W,W,O,W,B,W,B,Y,G,O,B,O,G,G,O,G,G,B,W,B,R,R,R,R,R,R,R,W,G,O,O,G,B,W,O,Y,Y,Y,Y,Y,Y,G,Y,W,W,B,R,G,B,R,Y,B,O
1.3930318, -13.993195, 1, 0, 1, 31, 49, 194,O,W,R,O,W,R,W,B,O,G,O,W,O,G,B,O,G,Y,B,R,R,W,R,R,B,R,R,R,W,G,O,O,G,B,W,O,Y,Y,B,Y,Y,G,G,Y,G,W,B,Y,G,B,Y,Y,B,W
7.2401056, -10.5651245, 1, 0, 1, 36, 50, 195,O,W,R,O,W,R,B,R,R,W,B,Y,O,G,G,G,O,O,B,R,R,W,R,R,B,Y,Y,R,W,G,O,O,G,W,B,O,O,W,B,Y,Y,G,G,Y,G,W,B,Y,G,B,Y,Y,B,W
9.324747, -11.390292, 1, 0, 1, 38, 51, 196,B,O,O,R,W,W,R,R,R,B,W,B,O,G,G,G,O,O,Y,R,R,B,R,R,W,Y,Y,R,W,W,O,O,B,W,B,Y,O,W,B,Y,Y,G,G,Y,G,W,B,Y,G,B,Y,O,G,G
4.1760635, -10.835864, 1, 0, 1, 31, 52, 197,B,O,O,R,W,W,W,B,Y,G,O,B,O,G,W,O,G,B,Y,R,R,B,R,R,R,R,R,R,W,W,O,O,B,B,W,O,Y,Y,W,Y,Y,G,G,Y,G,W,B,Y,G,B,Y,O,G,G
2.3268623, -11.584784, 1, 0, 1, 27, 53, 198,B,O,B,R,W,W,W,B,B,G,O,W,O,G,G,O,G,G,R,B,Y,R,R,R,R,R,R,R,W,W,O,O,B,B,W,O,Y,Y,Y,Y,Y,Y,G,Y,G,W,B,O,G,B,W,O,G,Y
-0.48081535, -11.312815, 1, 0, 1, 28, 54, 199,R,B,Y,R,W,W,W,B,B,G,O,W,O,G,G,O,G,G,G,Y,G,R,R,R,R,R,R,B,O,B,O,O,B,B,W,O,Y,Y,Y,Y,Y,Y,W,W,R,O,G,W,G,B,B,Y,W,O
-0.67052364, -8.66137, 1, 0, 1, 28, 55, 200,W,R,R,B,W,B,B,W,Y,R,R,G,O,G,G,O,G,G,Y,Y,G,W,R,R,O,R,R,B,O,G,O,O,O,B,W,W,Y,Y,Y,Y,Y,Y,W,W,R,O,G,W,G,B,B,O,B,B
2.0113819, -9.052652, 1, 0, 1, 26, 56, 201,B,O,G,B,W,B,B,W,Y,R,R,G,O,G,G,O,G,G,W,R,R,W,R,R,O,R,R,R,W,W,O,O,O,B,W,W,Y,Y,Y,Y,Y,Y,G,Y,Y,W,B,B,G,B,B,O,G,O
-6.431514, -2.1733387, 1, 0, 1, 24, 57, 202,R,O,G,O,W,B,O,W,Y,Y,R,G,Y,G,G,G,G,G,W,R,R,W,R,R,O,R,R,W,O,W,W,O,W,R,O,B,W,Y,Y,G,Y,Y,O,Y,Y,B,B,B,B,B,B,B,G,O
2.3020475, -3.485142, 1, 0, 1, 24, 58, 203,Y,W,O,B,W,O,G,O,R,O,G,B,Y,G,G,G,G,G,B,R,R,W,R,R,W,R,R,W,O,O,W,O,W,R,O,W,W,Y,Y,G,Y,Y,O,Y,Y,B,B,B,B,B,B,G,R,Y
2.3519957, -6.4380183, 1, 0, 1, 25, 59, 204,B,W,O,B,W,O,G,O,R,Y,G,B,B,G,G,G,G,G,B,R,R,W,R,R,W,R,R,R,W,W,O,O,O,W,W,O,O,Y,Y,Y,Y,Y,G,Y,Y,W,B,B,G,B,B,O,R,Y
4.9059896, -7.182626, 1, 0, 1, 26, 60, 205,O,O,R,W,W,O,B,B,G,W,O,O,B,G,G,G,G,G,B,R,R,G,R,R,Y,R,R,R,W,Y,O,O,R,W,W,O,O,Y,Y,Y,Y,Y,G,Y,Y,W,B,B,G,B,B,B,W,W
4.8956566, -4.6172853, 1, 0, 1, 29, 61, 206,W,O,R,G,W,O,B,B,G,O,O,O,W,G,G,B,G,G,B,R,R,G,R,R,Y,R,R,W,O,R,W,O,W,O,R,Y,W,Y,Y,B,Y,Y,G,Y,Y,O,B,B,Y,B,B,G,W,W
0.6457217, -4.7251396, 1, 0, 1, 25, 62, 207,B,G,W,B,W,O,G,O,R,Y,G,B,W,G,G,B,G,G,G,R,R,W,R,R,W,R,R,W,O,O,W,O,O,O,R,O,W,Y,Y,B,Y,Y,G,Y,Y,O,B,B,Y,B,B,Y,W,R
3.0958505, -1.3683708, 1, 0, 1, 19, 63, 208,Y,G,W,W,W,O,B,O,R,W,G,B,B,G,G,G,G,G,G,R,R,W,R,R,W,R,R,O,O,O,O,O,R,W,W,O,O,Y,Y,Y,Y,Y,Y,Y,Y,B,B,B,B,B,B,G,W,R
5.280677, -1.2494437, 1, 0, 1, 20, 64, 209,Y,G,W,W,W,O,W,W,O,G,B,W,G,G,G,G,G,B,G,R,R,W,R,R,B,O,R,O,O,O,O,O,R,Y,Y,O,R,R,W,Y,Y,Y,Y,Y,Y,B,B,B,B,B,B,G,W,R
7.3603554, 0.12868401, 1, 0, 1, 20, 65, 210,O,W,W,O,W,W,W,G,Y,R,W,G,G,G,G,G,G,B,O,R,R,R,R,R,O,O,R,O,O,B,O,O,W,Y,Y,G,R,R,W,Y,Y,Y,Y,Y,Y,B,B,B,B,B,B,W,B,G
5.7057295, 1.5042245, 1, 0, 1, 18, 66, 211,O,W,W,O,W,W,W,R,R,B,G,G,G,G,G,G,W,R,O,R,R,R,R,R,Y,Y,G,O,O,B,O,O,W,O,O,R,Y,G,W,Y,Y,Y,Y,Y,Y,B,B,B,B,B,B,W,B,G
2.13745, 17.230265, 1, 0, 1, 25, 67, 212,B,W,W,B,W,W,W,R,R,O,G,G,O,G,G,W,W,R,O,R,R,R,R,R,Y,Y,G,O,O,O,O,O,O,R,W,B,B,G,W,G,Y,Y,G,Y,Y,Y,B,B,Y,B,B,Y,B,G
0.48955858, -1.5456061, 1, 0, 1, 21, 68, 213,B,W,W,B,W,W,R,W,B,W,O,O,W,G,G,R,G,G,O,R,R,R,R,R,W,R,R,O,O,O,O,O,O,W,G,B,G,Y,Y,G,Y,Y,G,Y,Y,Y,B,B,Y,B,B,Y,B,G
-0.4442131, 3.502371, 1, 1, 1, 11, 69, 214,W,W,W,W,W,W,R,W,B,G,O,O,G,G,G,G,G,G,O,R,R,R,R,R,W,R,R,O,O,B,O,O,G,O,O,W,Y,Y,Y,Y,Y,Y,Y,Y,Y,B,B,B,B,B,B,R,B,G
0.6797046, 2.7607737, 1, 0, 1, 10, 70, 215,R,W,W,W,W,W,B,W,W,W,R,O,G,G,G,G,G,G,R,R,R,B,R,R,G,R,R,O,O,G,O,O,O,O,O,O,Y,Y,Y,Y,Y,Y,Y,Y,Y,B,B,B,B,B,B,W,G,B
-4.826452, 11.9116535, 1, 0, 1, 21, 71, 216,R,W,O,W,W,G,B,W,G,W,R,Y,G,G,Y,G,G,Y,G,B,R,R,R,R,R,R,R,O,O,G,O,O,O,O,O,O,Y,Y,B,Y,Y,B,Y,Y,B,B,B,W,B,B,W,W,G,W
-3.7722955, 13.501734, 1, 0, 1, 24, 72, 217,B,W,R,W,W,W,G,G,O,R,R,G,G,G,Y,G,G,Y,W,B,R,G,R,R,W,R,R,O,O,W,O,O,R,O,O,Y,Y,Y,B,Y,Y,B,Y,Y,B,B,B,W,B,B,W,O,O,G
2.447293, 6.556919, 1, 0, 1, 19, 73, 218,B,W,W,W,W,W,G,G,G,R,R,R,G,G,W,G,G,O,R,R,R,B,R,R,W,G,W,O,O,W,O,O,R,O,O,Y,Y,Y,G,Y,Y,Y,Y,Y,Y,B,B,B,B,B,B,O,O,B
1.333408, 6.433545, 1, 0, 1, 21, 74, 219,G,W,B,G,W,W,G,W,W,W,B,R,G,G,W,G,G,O,O,R,R,O,R,R,B,G,W,O,O,R,O,O,R,O,O,R,Y,Y,G,Y,Y,Y,Y,Y,Y,B,B,B,B,B,B,Y,R,W
-3.0581062, 12.319925, 1, 0, 1, 24, 75, 220,G,W,R,G,W,W,G,W,O,W,B,G,G,G,Y,G,G,Y,B,O,O,G,R,R,W,R,R,O,O,R,O,O,R,O,O,R,Y,Y,B,Y,Y,B,Y,Y,W,B,B,B,B,B,W,Y,R,W
-4.1657715, 10.878431, 1, 0, 1, 21, 76, 221,O,W,G,W,W,G,R,W,G,W,R,Y,G,G,Y,G,G,Y,R,O,O,R,R,R,R,R,R,O,O,W,O,O,G,O,O,B,Y,Y,B,Y,Y,B,Y,Y,W,B,B,B,B,B,W,G,B,W
-0.9467422, 4.7790623, 1, 1, 1, 12, 77, 222,O,W,B,W,W,W,R,W,W,W,R,G,G,G,G,G,G,G,O,R,R,O,R,R,R,R,R,O,O,W,O,O,G,O,O,B,Y,Y,Y,Y,Y,Y,Y,Y,Y,B,B,B,B,B,B,G,B,W
2.691931, 1.5723335, 1, 0, 1, 13, 78, 223,B,W,W,W,W,W,O,W,R,W,G,B,G,G,G,G,G,G,G,R,R,R,R,R,W,R,R,O,O,W,O,O,B,O,O,G,Y,Y,Y,Y,Y,Y,Y,Y,Y,B,B,B,B,B,B,O,O,R
-4.497663, 8.868432, 1, 0, 1, 22, 79, 224,B,W,B,W,W,G,O,W,G,W,G,Y,G,G,Y,G,G,Y,W,R,G,R,R,R,R,R,R,O,O,W,O,O,B,O,O,G,Y,Y,B,Y,Y,B,Y,Y,R,B,B,W,B,B,W,O,O,R
-1.7940733, 11.77874, 1, 0, 1, 25, 80, 225,G,W,O,G,W,W,B,W,B,R,O,O,G,G,Y,G,G,Y,G,R,G,B,R,R,W,R,R,O,O,R,O,O,R,O,O,W,Y,Y,B,Y,Y,B,Y,Y,R,B,B,W,B,B,W,Y,G,W
0.26905325, 6.7145505, 1, 0, 1, 19, 81, 226,G,W,W,G,W,W,B,W,W,R,O,O,G,G,W,G,G,B,G,R,R,R,R,R,G,B,W,O,O,R,O,O,R,O,O,W,Y,Y,O,Y,Y,Y,Y,Y,Y,B,B,B,B,B,B,Y,G,R
2.471334, 7.7394204, 1, 0, 1, 19, 82, 227,W,W,W,W,W,W,G,G,B,R,R,W,G,G,W,G,G,B,O,R,R,O,R,R,R,B,W,O,O,R,O,O,G,O,O,Y,Y,Y,O,Y,Y,Y,Y,Y,Y,B,B,B,B,B,B,G,R,G
-1.9155351, 13.773099, 1, 0, 1, 22, 83, 228,W,W,W,W,W,W,G,G,B,R,R,O,G,G,Y,G,G,Y,R,O,O,B,R,R,W,R,R,O,O,R,O,O,G,O,O,Y,Y,Y,B,Y,Y,B,Y,Y,G,B,B,W,B,B,W,G,R,B
-3.4426527, 9.855841, 1, 0, 1, 20, 84, 229,W,W,B,W,W,G,W,W,G,R,G,Y,G,G,Y,G,G,Y,O,O,O,R,R,R,R,R,R,O,O,B,O,O,R,O,O,G,Y,Y,B,Y,Y,B,Y,Y,G,B,B,W,B,B,W,R,B,W
2.115163, 3.6593196, 1, 1, 1, 10, 85, 230,W,W,W,W,W,W,W,W,W,R,G,B,G,G,G,G,G,G,O,R,R,O,R,R,O,R,R,O,O,B,O,O,R,O,O,G,Y,Y,Y,Y,Y,Y,Y,Y,Y,B,B,B,B,B,B,R,B,G
1.6912119, 2.6906118, 1, 0, 1, 10, 86, 231,W,W,W,W,W,W,W,W,W,O,O,O,G,G,G,G,G,G,R,R,R,B,R,R,G,R,R,O,O,R,O,O,G,O,O,B,Y,Y,Y,Y,Y,Y,Y,Y,Y,B,B,B,B,B,B,G,R,B
-2.7454293, -1.9588066, 1, 0, 1, 20, 87, 232,O,W,W,G,W,W,G,W,W,Y,O,O,Y,G,G,Y,G,G,R,R,R,B,R,R,G,R,R,R,G,B,O,O,O,O,O,O,B,Y,Y,B,Y,Y,G,Y,Y,W,B,B,W,B,B,W,R,B
-4.7603464, -5.321979, 1, 0, 1, 26, 88, 233,R,R,R,G,W,W,G,W,W,Y,O,O,Y,G,G,Y,G,G,Y,Y,G,B,R,R,G,R,R,O,W,W,O,O,O,O,O,O,B,Y,Y,B,Y,Y,B,G,R,W,W,W,R,B,B,B,B,B
-3.7995417, -5.9270205, 1, 0, 1, 27, 89, 234,Y,R,R,Y,W,W,Y,W,W,B,O,O,B,G,G,B,G,G,Y,Y,G,B,R,R,G,R,R,W,O,O,W,O,O,O,O,O,W,Y,Y,R,Y,Y,B,G,R,R,W,W,G,B,B,G,B,B
-3.0926747, -5.486774, 1, 0, 1, 34, 90, 235,Y,R,R,Y,W,W,Y,Y,W,G,G,B,G,G,B,O,O,B,Y,Y,G,B,R,R,O,O,O,W,O,O,W,O,O,G,R,R,W,W,Y,R,Y,Y,B,G,R,R,W,W,G,B,B,G,B,B
-4.523971, -4.502694, 1, 0, 1, 35, 91, 236,R,R,R,G,W,W,G,Y,W,Y,G,B,Y,G,B,Y,O,B,Y,Y,G,B,R,R,O,O,O,G,W,W,R,O,O,R,O,O,G,W,Y,G,Y,Y,O,G,R,W,W,W,R,B,B,B,B,B
-3.5319078, -3.4836187, 1, 0, 1, 27, 92, 237,G,W,W,G,W,W,G,Y,W,Y,G,B,Y,G,B,Y,O,B,R,R,R,B,R,R,O,O,O,R,G,O,R,O,O,R,O,O,G,W,Y,G,Y,Y,G,Y,Y,W,B,B,W,B,B,W,R,B
-2.3929884, -4.260246, 1, 0, 1, 24, 93, 238,Y,W,W,Y,W,W,Y,Y,W,G,G,B,G,G,B,G,O,B,R,R,R,B,R,R,O,O,O,O,O,O,G,O,O,R,R,R,W,W,Y,W,Y,Y,W,Y,Y,G,B,B,G,B,B,G,R,B
-1.4365298, -3.3092809, 1, 0, 1, 16, 94, 239,Y,W,W,Y,W,W,Y,W,W,B,O,G,B,G,G,B,G,G,R,R,R,B,R,R,R,R,R,O,O,O,G,O,O,O,O,O,W,Y,Y,W,Y,Y,W,Y,Y,G,B,B,G,B,B,G,R,B
1.1723497, 1.7209892, 1, 0, 1, 4, 95, 240,W,W,W,W,W,W,W,W,W,G,O,G,G,G,G,G,G,G,R,R,R,B,R,R,R,R,R,O,O,O,O,O,G,O,O,O,Y,Y,Y,Y,Y,Y,Y,Y,Y,B,B,B,B,B,B,B,R,B
4.885994, 7.258984, 1, 0, 1, 16, 96, 241,W,W,B,W,W,B,W,W,B,G,O,W,G,G,W,G,G,W,R,R,R,R,R,R,R,B,R,O,O,O,O,O,G,O,O,O,Y,Y,G,Y,Y,G,Y,Y,G,B,B,Y,B,B,Y,B,R,Y
4.667946, 6.113706, 1, 0, 1, 22, 97, 242,B,B,B,W,W,W,W,W,W,O,G,O,G,G,W,G,G,W,W,R,R,O,R,R,G,B,R,O,O,Y,O,O,R,O,O,B,Y,Y,G,Y,Y,G,Y,Y,G,B,B,Y,B,B,Y,R,R,R
3.4902241, 5.11809, 1, 0, 1, 16, 98, 243,B,B,O,W,W,W,W,W,W,O,G,G,G,G,G,G,G,G,G,O,W,B,R,R,R,R,R,O,O,Y,O,O,R,O,O,B,Y,Y,Y,Y,Y,Y,Y,Y,R,B,B,B,B,B,W,R,R,W
-1.5270597, 6.617561, 1, 0, 1, 18, 99, 244,O,W,W,B,W,W,B,W,W,Y,R,B,G,G,G,G,G,G,G,O,W,G,R,R,O,R,R,O,O,W,O,O,R,O,O,R,Y,Y,Y,Y,Y,Y,Y,Y,R,B,B,B,B,B,W,G,B,R
-1.7354442, 9.72771, 1, 0, 1, 26, 100, 245,O,W,B,B,W,G,B,W,G,Y,R,Y,G,G,Y,G,G,R,O,G,G,R,R,O,R,R,W,O,O,W,O,O,R,O,O,R,Y,Y,B,Y,Y,W,Y,Y,R,B,B,W,B,B,W,G,B,W
-0.2166575, 12.408656, 1, 0, 1, 29, 101, 246,B,B,O,W,W,W,G,G,B,R,R,O,G,G,Y,G,G,R,G,G,G,B,R,O,W,R,W,O,O,Y,O,O,R,O,O,Y,Y,Y,B,Y,Y,W,Y,Y,R,B,B,W,B,B,W,R,R,W
0.889682, 11.69403, 1, 0, 1, 29, 102, 247,B,B,O,W,W,Y,G,G,R,R,R,B,G,G,W,G,G,R,W,B,G,R,R,G,W,O,G,O,O,Y,O,O,R,O,O,Y,Y,Y,W,Y,Y,W,Y,Y,W,B,B,O,B,B,W,R,R,B
-0.25866777, 10.505866, 1, 0, 1, 29, 103, 248,O,Y,R,B,W,G,B,W,G,Y,R,Y,G,G,W,G,G,R,B,B,G,R,R,G,R,O,G,O,O,B,O,O,R,O,O,R,Y,Y,W,Y,Y,W,Y,Y,W,B,B,O,B,B,W,W,R,W
-0.82264626, 8.817322, 1, 0, 1, 24, 104, 249,O,Y,O,B,W,W,B,W,W,Y,R,R,G,G,G,G,G,G,G,G,G,B,R,O,B,R,R,O,O,B,O,O,R,O,O,R,Y,Y,Y,Y,Y,W,Y,Y,R,B,B,W,B,B,W,W,R,W
0.52462184, 9.4435425, 1, 0, 1, 21, 105, 250,B,B,O,W,W,Y,W,W,O,B,B,G,G,G,G,G,G,G,W,G,G,R,R,O,W,R,R,O,O,Y,O,O,R,O,O,R,Y,Y,Y,Y,Y,W,Y,Y,R,B,B,W,B,B,W,R,R,B
1.2785101, 10.71755, 1, 0, 1, 26, 106, 251,B,B,G,W,W,G,W,W,G,B,B,Y,G,G,W,G,G,R,W,R,W,R,R,G,R,O,G,O,O,Y,O,O,R,O,O,R,Y,Y,W,Y,Y,W,Y,Y,B,B,B,O,B,B,Y,R,R,O
2.0013392, 11.445974, 1, 0, 1, 26, 107, 252,W,W,B,W,W,B,G,G,G,R,R,W,G,G,W,G,G,R,R,R,W,R,R,G,O,O,G,O,O,B,O,O,B,O,O,Y,Y,Y,W,Y,Y,W,Y,Y,B,B,B,O,B,B,Y,R,R,Y
-1.5151721, 13.617604, 1, 0, 1, 24, 108, 253,W,W,W,W,W,W,G,G,B,R,R,O,G,G,Y,G,G,Y,G,O,O,G,R,R,W,R,R,O,O,B,O,O,B,O,O,Y,Y,Y,B,Y,Y,B,Y,Y,G,B,B,W,B,B,W,R,R,R
-3.1105804, 10.275076, 1, 0, 1, 22, 109, 254,W,W,B,W,W,G,W,W,G,B,B,Y,G,G,Y,G,G,Y,O,O,O,R,R,R,R,R,R,O,O,R,O,O,R,O,O,R,Y,Y,B,Y,Y,B,Y,Y,G,B,B,W,B,B,W,G,G,W
2.62067, 3.704075, 1, 0, 1, 12, 110, 255,W,W,W,W,W,W,W,W,W,B,B,B,G,G,G,G,G,G,O,R,R,O,R,R,O,R,R,O,O,R,O,O,R,O,O,R,Y,Y,Y,Y,Y,Y,Y,Y,Y,B,B,B,B,B,B,G,G,G
0.20949212, 1.3493555, 1, 1, 1, 0, 111, 256,W,W,W,W,W,W,W,W,W,G,G,G,G,G,G,G,G,G,R,R,R,R,R,R,R,R,R,O,O,O,O,O,O,O,O,O,Y,Y,Y,Y,Y,Y,Y,Y,Y,B,B,B,B,B,B,B,B,B
